{
 "param_set": "our",
 "x_initial": [
  2.8405570956026294,
  0.07117311340949772,
  2.9923274543394056,
  -2.6336849359581276,
  0.6745365862312105,
  -0.49405366249090976,
  2.4651332588616794,
  -2.045002043499493
 ],
 "n_starts": 1,
 "n_eval": 2,
 "best_infidelity": 0.5940488042236849,
 "best_x": [
  2.982584950382761,
  0.07117311340949772,
  2.9923274543394056,
  -2.6336849359581276,
  0.6745365862312105,
  -0.49405366249090976,
  2.4651332588616794,
  -2.045002043499493
 ],
 "best_seed": "rand0",
 "done": false,
 "elapsed_s": 154.6
}