{
 "param_set": "our",
 "x_initial": [
  2.14301262584062,
  0.8888082150018626,
  -2.3332971535037066,
  -2.4271439036965847,
  0.9634983265712727,
  1.4138284238606427,
  0.8448036629890969,
  -1.7717411563613783
 ],
 "n_starts": 1,
 "n_eval": 5,
 "best_infidelity": 0.4286332634630874,
 "best_x": [
  2.14301262584062,
  0.8888082150018626,
  -2.3332971535037066,
  -2.548501098881414,
  0.9634983265712727,
  1.4138284238606427,
  0.8448036629890969,
  -1.7717411563613783
 ],
 "best_seed": "rand0",
 "done": false,
 "elapsed_s": 138.2
}