{
 "param_set": "lukin",
 "x_initial": [
  0.85973359,
  0.39146974,
  0.99181418,
  0.1924498,
  -1.17123748,
  -0.00826712,
  1.67429728,
  0.28527346
 ],
 "n_eval": 98,
 "best_infidelity": 0.04456761090411143,
 "best_x": [
  1.1393500640274572,
  0.5316190040887232,
  0.988871926001905,
  0.2682571567204842,
  -1.0268447017849223,
  -0.007446477486203782,
  1.4507000743551748,
  0.2191216822100276
 ],
 "done": false,
 "elapsed_s": 42195.9
}