{
 "param_set": "our",
 "x_initial": [
  2.3871292486889186,
  0.6650565010089093,
  1.3182197570030034,
  -2.581774207544016,
  0.8213028972554777,
  1.923242808897811,
  1.4431939653713415,
  -2.4353432518200897
 ],
 "n_starts": 1,
 "n_eval": 4,
 "best_infidelity": 0.518067925682397,
 "best_x": [
  2.3871292486889186,
  0.6650565010089093,
  1.3841307448531537,
  -2.581774207544016,
  0.8213028972554777,
  1.923242808897811,
  1.4431939653713415,
  -2.4353432518200897
 ],
 "best_seed": "rand0",
 "done": false,
 "elapsed_s": 186.1
}