{
 "param_set": "our",
 "x_initial": [
  1.7068601841214408,
  -0.9847581679958686,
  -0.8226747951461473,
  -0.788560078461733,
  3.062707200397904,
  0.5310250904285843,
  2.1206746123621327,
  -1.0683711188056741
 ],
 "n_starts": 1,
 "n_eval": 1,
 "best_infidelity": 0.4188723149234592,
 "best_x": [
  1.7068601841214408,
  -0.9847581679958686,
  -0.8226747951461473,
  -0.788560078461733,
  3.062707200397904,
  0.5310250904285843,
  2.1206746123621327,
  -1.0683711188056741
 ],
 "best_seed": "rand0",
 "done": false,
 "elapsed_s": 66.8
}