{
 "param_set": "lukin",
 "x_initial": [
  0.85973359,
  0.39146974,
  0.99181418,
  0.1924498,
  -1.17123748,
  -0.00826712,
  1.67429728,
  0.28527346
 ],
 "n_eval": 1,
 "best_infidelity": 0.630578543980308,
 "best_x": [
  0.85973359,
  0.39146974,
  0.99181418,
  0.1924498,
  -1.17123748,
  -0.00826712,
  1.67429728,
  0.28527346
 ],
 "done": false,
 "elapsed_s": 498.6
}