{
 "param_set": "our",
 "x_initial": [
  0.8867644845952811,
  -0.22479551994874958,
  2.8526239202917116,
  0.2779958512373565,
  1.6024323225744772,
  -0.018686313403264952,
  1.4226018059320245,
  -0.6632084958020179
 ],
 "n_eval": 251,
 "best_infidelity": 0.4529362422246166,
 "best_x": [
  0.9051541168089187,
  -0.22332984572246276,
  3.1233518226896644,
  0.2527684015687933,
  1.524184540365943,
  -0.015280569022027873,
  1.422581723689354,
  -0.7560707495087178
 ],
 "done": false,
 "elapsed_s": 2996.5
}