{
 "param_set": "lukin",
 "x_initial": [
  0.85973359,
  0.39146974,
  0.99181418,
  0.1924498,
  -1.17123748,
  -0.00826712,
  1.67429728,
  0.28527346
 ],
 "n_eval": 303,
 "best_infidelity": 0.00021447485912362563,
 "best_x": [
  1.152444475742163,
  0.5298612474274744,
  1.0463537649409957,
  0.5247328111843467,
  -1.3495589677508941,
  -0.008058653524462491,
  1.4486084769604992,
  -0.1399323673945825
 ],
 "done": false,
 "elapsed_s": 124431.7
}