{
 "param_set": "our",
 "x_initial": [
  1.124752742674083,
  -0.595788497163459,
  0.46959156828725535,
  0.04021092368116275,
  0.40345908322291146,
  0.27874924203360774,
  2.660114634350001,
  -2.598534050998553
 ],
 "n_starts": 1,
 "n_eval": 1,
 "best_infidelity": 0.3089554948655404,
 "best_x": [
  1.124752742674083,
  -0.595788497163459,
  0.46959156828725535,
  0.04021092368116275,
  0.40345908322291146,
  0.27874924203360774,
  2.660114634350001,
  -2.598534050998553
 ],
 "best_seed": "rand0",
 "done": false,
 "elapsed_s": 75.4
}