{
 "param_set": "our",
 "x_initial": [
  1.3701575857180872,
  -0.5017842642549508,
  0.7155780668450604,
  -0.3894976505163241,
  3.1387243733257097,
  0.9361187462928067,
  1.9899139651555293,
  -1.8834980045174472
 ],
 "n_starts": 3,
 "n_eval": 3674,
 "best_infidelity": 9.46168159954297e-06,
 "best_x": [
  1.3417376355208614,
  -0.47514206631153455,
  0.9374165061782775,
  -0.24539458137685877,
  2.755618354280231,
  1.0063163509211008,
  1.9975377136905927,
  -1.6351076243247586
 ],
 "best_seed": "resume",
 "done": true,
 "elapsed_s": 44027.8
}