{
 "param_set": "our",
 "x_initial": [
  2.1396814303024265,
  1.984337433702616,
  -0.9776211733323574,
  -2.859866086891017,
  0.4498588334286988,
  -1.41501829310561,
  2.2406827175637725,
  -0.9716537414415702
 ],
 "n_starts": 1,
 "n_eval": 1,
 "best_infidelity": 0.420158827631573,
 "best_x": [
  2.1396814303024265,
  1.984337433702616,
  -0.9776211733323574,
  -2.859866086891017,
  0.4498588334286988,
  -1.41501829310561,
  2.2406827175637725,
  -0.9716537414415702
 ],
 "best_seed": "rand0",
 "done": false,
 "elapsed_s": 77.1
}