{
 "param_set": "our",
 "x_initial": [
  0.8867644845952811,
  -0.22479551994874958,
  2.8526239202917116,
  0.2779958512373565,
  1.6024323225744772,
  -0.018686313403264952,
  1.4226018059320245,
  -0.6632084958020179
 ],
 "n_eval": 615,
 "best_infidelity": 0.45147065813420506,
 "best_x": [
  0.9722545949392238,
  -0.08064600878735961,
  3.103282842741981,
  0.21949131752567008,
  0.7748415485052034,
  0.04908235603501973,
  1.4225878222937967,
  -0.7620210138424974
 ],
 "done": true,
 "elapsed_s": 7285.0,
 "final_x": [
  0.9722545949392238,
  -0.08064600878735961,
  3.103282842741981,
  0.21949131752567008,
  0.7748415485052034,
  0.04908235603501973,
  1.4225878222937967,
  -0.7620210138424974
 ],
 "final_infidelity": 0.45147065813420506,
 "converged": false
}