{
 "param_set": "lukin",
 "x_initial": [
  0.85973359,
  0.39146974,
  0.99181418,
  0.1924498,
  -1.17123748,
  -0.00826712,
  1.67429728,
  0.28527346
 ],
 "n_eval": 82,
 "best_infidelity": 0.10362520605479619,
 "best_x": [
  1.1909697840554863,
  0.4345467967422586,
  1.128676615421865,
  0.23219467639987168,
  -0.9616707787046934,
  -0.007708654254159418,
  1.3762092371890668,
  0.26039208190876983
 ],
 "done": false,
 "elapsed_s": 35382.2
}