{
 "param_set": "our",
 "x_initial": [
  1.11552237449557,
  3.061650702589703,
  -1.1390733959787083,
  1.8130064339467111,
  2.3241283274666467,
  -0.4356607738432241,
  1.4822810574315568,
  -0.7995422224314628
 ],
 "n_starts": 1,
 "n_eval": 3,
 "best_infidelity": 0.4253095098295391,
 "best_x": [
  1.11552237449557,
  3.068452069460398,
  -1.1390733959787083,
  1.8130064339467111,
  2.3241283274666467,
  -0.4356607738432241,
  1.4822810574315568,
  -0.7995422224314628
 ],
 "best_seed": "rand0",
 "done": false,
 "elapsed_s": 146.1
}