{
 "param_set": "our",
 "x_initial": [
  1.5764769692937324,
  -1.6688170087103544,
  -2.7168005806644193,
  1.3374275391447341,
  1.9673608326990442,
  0.19334673833949978,
  2.0126337715523768,
  -2.0784782289076933
 ],
 "n_starts": 1,
 "n_eval": 2,
 "best_infidelity": 0.5529111389561685,
 "best_x": [
  1.655300817758419,
  -1.6688170087103544,
  -2.7168005806644193,
  1.3374275391447341,
  1.9673608326990442,
  0.19334673833949978,
  2.0126337715523768,
  -2.0784782289076933
 ],
 "best_seed": "rand0",
 "done": false,
 "elapsed_s": 123.5
}