{
 "param_set": "our",
 "x_initial": [
  1.983492724500072,
  -1.4464727375963786,
  -2.8841484100105235,
  -3.03774645687452,
  1.9683349641197863,
  1.6510223091108869,
  1.9379165945713859,
  1.441969420022903
 ],
 "n_starts": 1,
 "n_eval": 2,
 "best_infidelity": 0.7786046565612154,
 "best_x": [
  2.082667360725076,
  -1.4464727375963786,
  -2.8841484100105235,
  -3.03774645687452,
  1.9683349641197863,
  1.6510223091108869,
  1.9379165945713859,
  1.441969420022903
 ],
 "best_seed": "rand0",
 "done": false,
 "elapsed_s": 128.1
}