{
 "param_set": "our",
 "x_initial": [
  0.85973359,
  0.39146974,
  0.99181418,
  0.1924498,
  -1.17123748,
  -0.00826712,
  1.67429728,
  0.28527346
 ],
 "n_eval": 46,
 "best_infidelity": 0.5283308093486978,
 "best_x": [
  0.9442543113684247,
  0.43357923238037555,
  1.0813613061362437,
  0.12660151393246566,
  -0.9325658567962951,
  -0.008335885215543876,
  1.6238064738877744,
  0.3152433090920028
 ],
 "done": false,
 "elapsed_s": 627.7
}